Patient_ID,Date,Arrival Time,Registration Start,Registration End,Consultation_Start,Consultation_End,Pharmacy Queue Start,Pharmacy Queue_End,Leave Time,Total Time in Hospital Min,Doctor_Assigned,Department,Day
Mo_001,06/10/2025,08:00,08:00,08:03,08:07,08:22,08:24,08:30,08:33,33,Dr. Silva,General OPD,Monday
Mo_002,06/10/2025,08:04,08:04,08:08,08:14,08:24,08:30,08:35,08:36,32,Dr. Perera,General OPD,Monday
Mo_003,06/10/2025,08:06,08:08,08:12,08:15,08:27,08:35,08:42,08:44,38,Dr. Kumari,General OPD,Monday
Mo_004,06/10/2025,08:10,08:12,08:16,08:22,08:35,08:42,08:49,08:51,41,Dr. Silva,General OPD,Monday
Mo_005,06/10/2025,08:13,08:16,08:19,08:25,08:35,08:49,08:54,08:56,43,Dr. Perera,General OPD,Monday
Mo_006,06/10/2025,08:16,08:19,08:22,08:27,08:37,08:54,09:00,09:02,46,Dr. Kumari,General OPD,Monday
Mo_007,06/10/2025,08:18,08:22,08:26,08:35,08:47,09:00,09:08,09:10,52,Dr. Silva,General OPD,Monday
Mo_008,06/10/2025,08:21,08:26,08:29,08:37,08:48,09:08,09:15,09:18,57,Dr. Perera,General OPD,Monday
Mo_009,06/10/2025,08:25,08:29,08:33,08:40,08:50,09:15,09:23,09:24,59,Dr. Kumari,General OPD,Monday
Mo_010,06/10/2025,08:27,08:33,08:37,08:47,09:02,09:23,09:28,09:29,62,Dr. Silva,General OPD,Monday
Mo_011,06/10/2025,08:30,08:37,08:41,08:48,09:01,09:28,09:34,09:36,66,Dr. Perera,General OPD,Monday
Mo_012,06/10/2025,08:32,08:41,08:45,08:50,09:00,09:34,09:40,09:41,69,Dr. Kumari,General OPD,Monday
Mo_013,06/10/2025,08:34,08:45,08:49,09:02,09:14,09:40,09:46,09:48,74,Dr. Silva,General OPD,Monday
Mo_014,06/10/2025,08:37,08:49,08:52,09:01,09:14,09:46,09:53,09:55,78,Dr. Perera,General OPD,Monday
Mo_015,06/10/2025,08:39,08:47,08:50,09:00,09:12,09:53,10:00,10:02,83,Dr. Kumari,General OPD,Monday
Mo_016,06/10/2025,08:42,08:50,08:53,09:14,09:25,10:00,10:07,10:08,86,Dr. Silva,General OPD,Monday
Mo_017,06/10/2025,08:46,08:53,08:57,09:14,09:27,10:07,10:13,10:14,88,Dr. Perera,General OPD,Monday
Mo_018,06/10/2025,08:50,08:57,09:00,09:12,09:27,10:13,10:20,10:23,93,Dr. Kumari,General OPD,Monday
Mo_019,06/10/2025,08:53,09:00,09:04,09:25,09:37,10:20,10:28,10:31,98,Dr. Silva,General OPD,Monday
Mo_020,06/10/2025,08:57,09:04,09:08,09:27,09:38,10:28,10:35,10:37,100,Dr. Perera,General OPD,Monday
Mo_021,06/10/2025,09:00,09:08,09:12,09:27,09:37,10:35,10:40,10:43,103,Dr. Kumari,General OPD,Monday
Mo_022,06/10/2025,09:04,09:12,09:16,09:37,09:50,10:40,10:45,10:47,103,Dr. Silva,General OPD,Monday
Mo_023,06/10/2025,09:07,09:16,09:19,09:38,09:53,10:45,10:53,10:56,109,Dr. Perera,General OPD,Monday
Mo_024,06/10/2025,09:11,09:19,09:23,09:37,09:51,10:53,10:59,11:02,111,Dr. Kumari,General OPD,Monday
Mo_025,06/10/2025,09:15,09:23,09:26,09:50,10:02,10:59,11:04,11:06,111,Dr. Silva,General OPD,Monday
Mo_026,06/10/2025,09:18,09:26,09:30,09:53,10:05,11:04,11:11,11:13,115,Dr. Perera,General OPD,Monday
Mo_027,06/10/2025,09:21,09:30,09:34,09:51,10:04,11:11,11:18,11:21,120,Dr. Kumari,General OPD,Monday
Mo_028,06/10/2025,09:24,09:34,09:37,10:02,10:13,11:18,11:26,11:28,124,Dr. Silva,General OPD,Monday
Mo_029,06/10/2025,09:27,09:37,09:41,10:05,10:20,11:26,11:34,11:37,130,Dr. Perera,General OPD,Monday
Mo_030,06/10/2025,09:30,09:41,09:45,10:04,10:18,11:34,11:39,11:42,132,Dr. Kumari,General OPD,Monday
Mo_031,06/10/2025,09:32,09:38,09:41,10:13,10:25,11:39,11:44,11:45,133,Dr. Silva,General OPD,Monday
Mo_032,06/10/2025,09:34,09:41,09:44,10:20,10:34,11:44,11:50,11:53,139,Dr. Perera,General OPD,Monday
Mo_033,06/10/2025,09:37,09:44,09:48,10:18,10:28,11:50,11:57,12:00,143,Dr. Kumari,General OPD,Monday
Mo_034,06/10/2025,09:40,09:48,09:52,10:25,10:35,11:57,12:03,12:04,144,Dr. Silva,General OPD,Monday
Mo_035,06/10/2025,09:44,09:52,09:55,10:34,10:49,12:03,12:10,12:12,148,Dr. Perera,General OPD,Monday
Mo_036,06/10/2025,09:48,09:55,09:59,10:28,10:42,12:10,12:18,12:19,151,Dr. Kumari,General OPD,Monday
Mo_037,06/10/2025,09:51,09:59,10:02,10:35,10:48,12:18,12:24,12:27,156,Dr. Silva,General OPD,Monday
Mo_038,06/10/2025,09:54,10:02,10:05,10:49,11:00,12:24,12:31,12:33,159,Dr. Perera,General OPD,Monday
Mo_039,06/10/2025,09:56,10:05,10:08,10:42,10:57,12:31,12:37,12:39,163,Dr. Kumari,General OPD,Monday
Mo_040,06/10/2025,09:59,10:08,10:12,10:48,10:58,12:37,12:45,12:46,167,Dr. Silva,General OPD,Monday
Mo_041,06/10/2025,10:02,10:12,10:16,11:00,11:11,12:45,12:53,12:54,172,Dr. Perera,General OPD,Monday
Mo_042,06/10/2025,10:06,10:16,10:20,10:57,11:09,12:53,13:00,13:02,176,Dr. Kumari,General OPD,Monday
Mo_043,06/10/2025,10:08,10:20,10:24,10:58,11:13,13:00,13:08,13:09,181,Dr. Silva,General OPD,Monday
Mo_044,06/10/2025,10:10,10:15,10:18,11:11,11:23,13:08,13:15,13:16,186,Dr. Perera,General OPD,Monday
Mo_045,06/10/2025,10:14,10:18,10:21,11:09,11:22,13:15,13:20,13:22,188,Dr. Kumari,General OPD,Monday
Mo_046,06/10/2025,10:16,10:21,10:25,11:13,11:23,13:20,13:26,13:28,192,Dr. Silva,General OPD,Monday
Mo_047,06/10/2025,10:20,10:25,10:29,11:23,11:33,13:26,13:33,13:36,196,Dr. Perera,General OPD,Monday
Mo_048,06/10/2025,10:23,10:29,10:32,11:22,11:32,13:33,13:40,13:43,200,Dr. Kumari,General OPD,Monday
Mo_049,06/10/2025,10:27,10:32,10:36,11:23,11:35,13:40,13:46,13:49,202,Dr. Silva,General OPD,Monday
Mo_050,06/10/2025,10:31,10:36,10:39,11:33,11:46,13:46,13:54,13:56,205,Dr. Perera,General OPD,Monday
Mo_051,06/10/2025,10:34,10:39,10:42,11:32,11:45,13:54,14:00,14:02,208,Dr. Kumari,General OPD,Monday
Mo_052,06/10/2025,10:36,10:42,10:45,11:35,11:47,14:00,14:05,14:07,211,Dr. Silva,General OPD,Monday
Mo_053,06/10/2025,10:38,10:45,10:49,11:46,12:01,14:05,14:10,14:12,214,Dr. Perera,General OPD,Monday
Mo_054,06/10/2025,10:40,10:49,10:53,11:45,11:57,14:10,14:17,14:19,219,Dr. Kumari,General OPD,Monday
Mo_055,06/10/2025,10:43,10:53,10:56,11:47,11:59,14:17,14:22,14:23,220,Dr. Silva,General OPD,Monday
Mo_056,06/10/2025,10:45,10:56,10:59,12:01,12:11,14:22,14:27,14:29,224,Dr. Perera,General OPD,Monday
Tu_001,07/10/2025,08:00,08:00,08:03,08:07,08:17,08:22,08:27,08:30,30,Dr. Silva,General OPD,Tuesday
Tu_002,07/10/2025,08:03,08:03,08:06,08:10,08:21,08:27,08:34,08:35,32,Dr. Perera,General OPD,Tuesday
Tu_003,07/10/2025,08:05,08:06,08:09,08:16,08:31,08:36,08:41,08:44,39,Dr. Kumari,General OPD,Tuesday
Tu_004,07/10/2025,08:08,08:09,08:13,08:21,08:33,08:41,08:49,08:52,44,Dr. Silva,General OPD,Tuesday
Tu_005,07/10/2025,08:10,08:13,08:17,08:22,08:32,08:49,08:55,08:56,46,Dr. Perera,General OPD,Tuesday
Tu_006,07/10/2025,08:12,08:17,08:21,08:31,08:41,08:55,09:01,09:02,50,Dr. Kumari,General OPD,Tuesday
Tu_007,07/10/2025,08:15,08:21,08:25,08:33,08:43,09:01,09:07,09:08,53,Dr. Silva,General OPD,Tuesday
Tu_008,07/10/2025,08:17,08:25,08:28,08:32,08:47,09:07,09:12,09:15,58,Dr. Perera,General OPD,Tuesday
Tu_009,07/10/2025,08:19,08:28,08:31,08:41,08:55,09:12,09:20,09:21,62,Dr. Kumari,General OPD,Tuesday
Tu_010,07/10/2025,08:23,08:31,08:35,08:43,08:56,09:20,09:27,09:29,66,Dr. Silva,General OPD,Tuesday
Tu_011,07/10/2025,08:26,08:35,08:39,08:47,08:59,09:27,09:32,09:35,69,Dr. Perera,General OPD,Tuesday
Tu_012,07/10/2025,08:28,08:39,08:43,08:55,09:10,09:32,09:40,09:41,73,Dr. Kumari,General OPD,Tuesday
Tu_013,07/10/2025,08:30,08:40,08:44,08:56,09:07,09:40,09:45,09:48,78,Dr. Silva,General OPD,Tuesday
Tu_014,07/10/2025,08:32,08:44,08:47,08:59,09:11,09:45,09:50,09:52,80,Dr. Perera,General OPD,Tuesday
Tu_015,07/10/2025,08:34,08:42,08:46,09:10,09:23,09:50,09:56,09:58,84,Dr. Kumari,General OPD,Tuesday
Tu_016,07/10/2025,08:38,08:46,08:49,09:07,09:19,09:56,10:03,10:04,86,Dr. Silva,General OPD,Tuesday
Tu_017,07/10/2025,08:42,08:49,08:53,09:11,09:24,10:03,10:10,10:12,90,Dr. Perera,General OPD,Tuesday
Tu_018,07/10/2025,08:44,08:53,08:57,09:23,09:36,10:10,10:16,10:17,93,Dr. Kumari,General OPD,Tuesday
Tu_019,07/10/2025,08:47,08:57,09:01,09:19,09:34,10:16,10:24,10:25,98,Dr. Silva,General OPD,Tuesday
Tu_020,07/10/2025,08:50,09:01,09:04,09:24,09:36,10:24,10:31,10:32,102,Dr. Perera,General OPD,Tuesday
Tu_021,07/10/2025,08:53,09:04,09:07,09:36,09:48,10:31,10:36,10:37,104,Dr. Kumari,General OPD,Tuesday
Tu_022,07/10/2025,08:56,09:07,09:11,09:34,09:46,10:36,10:44,10:47,111,Dr. Silva,General OPD,Tuesday
Tu_023,07/10/2025,09:00,09:11,09:15,09:36,09:47,10:44,10:49,10:51,111,Dr. Perera,General OPD,Tuesday
Tu_024,07/10/2025,09:04,09:15,09:18,09:48,09:59,10:49,10:54,10:55,111,Dr. Kumari,General OPD,Tuesday
Tu_025,07/10/2025,09:06,09:18,09:22,09:46,09:57,10:54,11:02,11:03,117,Dr. Silva,General OPD,Tuesday
Tu_026,07/10/2025,09:09,09:13,09:17,09:47,09:58,11:02,11:08,11:09,120,Dr. Perera,General OPD,Tuesday
Tu_027,07/10/2025,09:13,09:17,09:21,09:59,10:14,11:08,11:15,11:17,124,Dr. Kumari,General OPD,Tuesday
Tu_028,07/10/2025,09:15,09:21,09:25,09:57,10:07,11:15,11:22,11:24,129,Dr. Silva,General OPD,Tuesday
Tu_029,07/10/2025,09:18,09:25,09:29,09:58,10:11,11:22,11:27,11:30,132,Dr. Perera,General OPD,Tuesday
Tu_030,07/10/2025,09:20,09:29,09:33,10:14,10:27,11:27,11:33,11:35,135,Dr. Kumari,General OPD,Tuesday
Tu_031,07/10/2025,09:24,09:33,09:37,10:07,10:20,11:33,11:39,11:42,138,Dr. Silva,General OPD,Tuesday
Tu_032,07/10/2025,09:26,09:37,09:40,10:11,10:25,11:39,11:47,11:48,142,Dr. Perera,General OPD,Tuesday
Tu_033,07/10/2025,09:28,09:40,09:43,10:27,10:39,11:47,11:53,11:56,148,Dr. Kumari,General OPD,Tuesday
Tu_034,07/10/2025,09:31,09:43,09:47,10:20,10:30,11:53,12:01,12:03,152,Dr. Silva,General OPD,Tuesday
Tu_035,07/10/2025,09:35,09:47,09:51,10:25,10:39,12:01,12:09,12:10,155,Dr. Perera,General OPD,Tuesday
Tu_036,07/10/2025,09:39,09:51,09:54,10:39,10:50,12:09,12:17,12:18,159,Dr. Kumari,General OPD,Tuesday
Tu_037,07/10/2025,09:41,09:52,09:56,10:30,10:42,12:17,12:24,12:25,164,Dr. Silva,General OPD,Tuesday
Tu_038,07/10/2025,09:43,09:53,09:56,10:39,10:51,12:24,12:31,12:33,170,Dr. Perera,General OPD,Tuesday
Tu_039,07/10/2025,09:47,09:56,10:00,10:50,11:02,12:31,12:37,12:40,173,Dr. Kumari,General OPD,Tuesday
Tu_040,07/10/2025,09:51,10:00,10:04,10:42,10:55,12:37,12:43,12:45,174,Dr. Silva,General OPD,Tuesday
Tu_041,07/10/2025,09:53,10:04,10:07,10:51,11:02,12:43,12:51,12:53,180,Dr. Perera,General OPD,Tuesday
Tu_042,07/10/2025,09:56,10:07,10:11,11:02,11:15,12:51,12:58,13:01,185,Dr. Kumari,General OPD,Tuesday
Tu_043,07/10/2025,09:59,10:11,10:15,10:55,11:06,12:58,13:05,13:07,188,Dr. Silva,General OPD,Tuesday
Tu_044,07/10/2025,10:02,10:08,10:11,11:02,11:14,13:05,13:13,13:15,193,Dr. Perera,General OPD,Tuesday
Tu_045,07/10/2025,10:05,10:11,10:14,11:15,11:30,13:13,13:18,13:20,195,Dr. Kumari,General OPD,Tuesday
Tu_046,07/10/2025,10:08,10:14,10:18,11:06,11:17,13:18,13:23,13:24,196,Dr. Silva,General OPD,Tuesday
Tu_047,07/10/2025,10:10,10:18,10:21,11:14,11:25,13:23,13:30,13:31,201,Dr. Perera,General OPD,Tuesday
Tu_048,07/10/2025,10:14,10:21,10:25,11:30,11:44,13:30,13:35,13:38,204,Dr. Kumari,General OPD,Tuesday
Tu_049,07/10/2025,10:18,10:25,10:28,11:17,11:29,13:35,13:42,13:45,207,Dr. Silva,General OPD,Tuesday
Tu_050,07/10/2025,10:21,10:28,10:31,11:25,11:40,13:42,13:49,13:50,209,Dr. Perera,General OPD,Tuesday
Tu_051,07/10/2025,10:25,10:31,10:34,11:44,11:58,13:49,13:57,13:58,213,Dr. Kumari,General OPD,Tuesday
Tu_052,07/10/2025,10:29,10:34,10:38,11:29,11:41,13:57,14:03,14:05,216,Dr. Silva,General OPD,Tuesday
Tu_053,07/10/2025,10:32,10:38,10:42,11:40,11:54,14:03,14:08,14:11,219,Dr. Perera,General OPD,Tuesday
Tu_054,07/10/2025,10:34,10:42,10:46,11:58,12:10,14:08,14:15,14:17,223,Dr. Kumari,General OPD,Tuesday
Tu_055,07/10/2025,10:37,10:46,10:49,11:41,11:56,14:15,14:21,14:24,227,Dr. Silva,General OPD,Tuesday
We_001,08/10/2025,08:00,08:00,08:03,08:10,08:25,08:30,08:37,08:38,38,Dr. Silva,General OPD,Wednesday
We_002,08/10/2025,08:03,08:03,08:07,08:11,08:23,08:37,08:45,08:47,44,Dr. Perera,General OPD,Wednesday
We_003,08/10/2025,08:06,08:07,08:10,08:13,08:28,08:45,08:51,08:53,47,Dr. Kumari,General OPD,Wednesday
We_004,08/10/2025,08:08,08:10,08:13,08:25,08:39,08:51,08:58,09:00,52,Dr. Silva,General OPD,Wednesday
We_005,08/10/2025,08:11,08:13,08:17,08:23,08:36,08:58,09:04,09:05,54,Dr. Perera,General OPD,Wednesday
We_006,08/10/2025,08:13,08:17,08:20,08:28,08:43,09:04,09:12,09:13,60,Dr. Kumari,General OPD,Wednesday
We_007,08/10/2025,08:17,08:20,08:23,08:39,08:54,09:12,09:19,09:22,65,Dr. Silva,General OPD,Wednesday
We_008,08/10/2025,08:19,08:23,08:26,08:36,08:47,09:19,09:25,09:27,68,Dr. Perera,General OPD,Wednesday
We_009,08/10/2025,08:23,08:26,08:30,08:43,08:56,09:25,09:33,09:35,72,Dr. Kumari,General OPD,Wednesday
We_010,08/10/2025,08:26,08:30,08:33,08:54,09:04,09:33,09:40,09:43,77,Dr. Silva,General OPD,Wednesday
We_011,08/10/2025,08:29,08:33,08:37,08:47,09:02,09:40,09:47,09:48,79,Dr. Perera,General OPD,Wednesday
We_012,08/10/2025,08:33,08:37,08:41,08:56,09:07,09:47,09:53,09:54,81,Dr. Kumari,General OPD,Wednesday
We_013,08/10/2025,08:37,08:41,08:45,09:04,09:17,09:53,09:58,09:59,82,Dr. Silva,General OPD,Wednesday
We_014,08/10/2025,08:40,08:45,08:48,09:02,09:17,09:58,10:04,10:07,87,Dr. Perera,General OPD,Wednesday
We_015,08/10/2025,08:43,08:48,08:52,09:07,09:22,10:04,10:09,10:12,89,Dr. Kumari,General OPD,Wednesday
We_016,08/10/2025,08:47,08:52,08:56,09:17,09:31,10:09,10:16,10:17,90,Dr. Silva,General OPD,Wednesday
We_017,08/10/2025,08:51,08:56,08:59,09:17,09:30,10:16,10:23,10:24,93,Dr. Perera,General OPD,Wednesday
We_018,08/10/2025,08:55,08:59,09:02,09:22,09:36,10:23,10:29,10:32,97,Dr. Kumari,General OPD,Wednesday
We_019,08/10/2025,08:58,09:02,09:06,09:31,09:42,10:29,10:35,10:38,100,Dr. Silva,General OPD,Wednesday
We_020,08/10/2025,09:00,09:06,09:10,09:30,09:43,10:35,10:40,10:41,101,Dr. Perera,General OPD,Wednesday
We_021,08/10/2025,09:04,09:10,09:13,09:36,09:47,10:40,10:47,10:50,106,Dr. Kumari,General OPD,Wednesday
We_022,08/10/2025,09:06,09:13,09:16,09:42,09:54,10:47,10:53,10:56,110,Dr. Silva,General OPD,Wednesday
We_023,08/10/2025,09:09,09:16,09:20,09:43,09:55,10:53,11:01,11:03,114,Dr. Perera,General OPD,Wednesday
We_024,08/10/2025,09:11,09:20,09:24,09:47,09:57,11:01,11:08,11:10,119,Dr. Kumari,General OPD,Wednesday
We_025,08/10/2025,09:15,09:24,09:28,09:54,10:07,11:08,11:15,11:16,121,Dr. Silva,General OPD,Wednesday
We_026,08/10/2025,09:17,09:28,09:32,09:55,10:07,11:15,11:21,11:24,127,Dr. Perera,General OPD,Wednesday
We_027,08/10/2025,09:19,09:23,09:26,09:57,10:12,11:21,11:26,11:27,128,Dr. Kumari,General OPD,Wednesday
We_028,08/10/2025,09:22,09:26,09:29,10:07,10:22,11:26,11:34,11:37,135,Dr. Silva,General OPD,Wednesday
We_029,08/10/2025,09:26,09:29,09:33,10:07,10:19,11:34,11:42,11:45,139,Dr. Perera,General OPD,Wednesday
We_030,08/10/2025,09:30,09:33,09:37,10:12,10:23,11:42,11:49,11:50,140,Dr. Kumari,General OPD,Wednesday
We_031,08/10/2025,09:33,09:37,09:40,10:22,10:34,11:49,11:55,11:56,143,Dr. Silva,General OPD,Wednesday
We_032,08/10/2025,09:37,09:40,09:43,10:19,10:31,11:55,12:00,12:02,145,Dr. Perera,General OPD,Wednesday
We_033,08/10/2025,09:39,09:43,09:47,10:23,10:37,12:00,12:06,12:07,148,Dr. Kumari,General OPD,Wednesday
We_034,08/10/2025,09:41,09:47,09:51,10:34,10:44,12:06,12:12,12:13,152,Dr. Silva,General OPD,Wednesday
We_035,08/10/2025,09:45,09:51,09:54,10:31,10:42,12:12,12:19,12:22,157,Dr. Perera,General OPD,Wednesday
We_036,08/10/2025,09:48,09:54,09:57,10:37,10:51,12:19,12:26,12:27,159,Dr. Kumari,General OPD,Wednesday
We_037,08/10/2025,09:52,09:57,10:01,10:44,10:57,12:26,12:34,12:37,165,Dr. Silva,General OPD,Wednesday
We_038,08/10/2025,09:54,10:01,10:04,10:42,10:52,12:34,12:39,12:41,167,Dr. Perera,General OPD,Wednesday
We_039,08/10/2025,09:58,10:04,10:08,10:51,11:04,12:39,12:44,12:45,167,Dr. Kumari,General OPD,Wednesday
We_040,08/10/2025,10:01,10:08,10:11,10:57,11:09,12:44,12:52,12:53,172,Dr. Silva,General OPD,Wednesday
We_041,08/10/2025,10:04,10:11,10:14,10:52,11:04,12:52,13:00,13:01,177,Dr. Perera,General OPD,Wednesday
We_042,08/10/2025,10:07,10:14,10:18,11:04,11:15,13:00,13:05,13:07,180,Dr. Kumari,General OPD,Wednesday
We_043,08/10/2025,10:09,10:18,10:21,11:09,11:19,13:05,13:13,13:15,186,Dr. Silva,General OPD,Wednesday
We_044,08/10/2025,10:11,10:21,10:24,11:04,11:14,13:13,13:19,13:21,190,Dr. Perera,General OPD,Wednesday
We_045,08/10/2025,10:14,10:24,10:27,11:15,11:26,13:19,13:27,13:28,194,Dr. Kumari,General OPD,Wednesday
We_046,08/10/2025,10:18,10:27,10:30,11:19,11:30,13:27,13:34,13:35,197,Dr. Silva,General OPD,Wednesday
We_047,08/10/2025,10:21,10:30,10:33,11:14,11:27,13:34,13:41,13:42,201,Dr. Perera,General OPD,Wednesday
We_048,08/10/2025,10:23,10:33,10:36,11:26,11:39,13:41,13:48,13:51,208,Dr. Kumari,General OPD,Wednesday
We_049,08/10/2025,10:26,10:36,10:40,11:30,11:44,13:48,13:54,13:57,211,Dr. Silva,General OPD,Wednesday
We_050,08/10/2025,10:29,10:40,10:43,11:27,11:40,13:54,13:59,14:02,213,Dr. Perera,General OPD,Wednesday
We_051,08/10/2025,10:33,10:43,10:47,11:39,11:49,13:59,14:04,14:05,212,Dr. Kumari,General OPD,Wednesday
We_052,08/10/2025,10:36,10:47,10:51,11:44,11:57,14:04,14:12,14:15,219,Dr. Silva,General OPD,Wednesday
We_053,08/10/2025,10:39,10:51,10:54,11:40,11:52,14:12,14:20,14:23,224,Dr. Perera,General OPD,Wednesday
We_054,08/10/2025,10:42,10:54,10:58,11:49,11:59,14:20,14:28,14:30,228,Dr. Kumari,General OPD,Wednesday
Th_001,09/10/2025,08:00,08:00,08:03,08:09,08:19,08:24,08:32,08:35,35,Dr. Silva,General OPD,Thursday
Th_002,09/10/2025,08:04,08:04,08:08,08:14,08:27,08:32,08:39,08:40,36,Dr. Perera,General OPD,Thursday
Th_003,09/10/2025,08:06,08:08,08:11,08:14,08:28,08:39,08:47,08:48,42,Dr. Kumari,General OPD,Thursday
Th_004,09/10/2025,08:08,08:11,08:14,08:19,08:30,08:47,08:55,08:58,50,Dr. Silva,General OPD,Thursday
Th_005,09/10/2025,08:12,08:14,08:17,08:27,08:37,08:55,09:00,09:03,51,Dr. Perera,General OPD,Thursday
Th_006,09/10/2025,08:15,08:17,08:20,08:28,08:43,09:00,09:07,09:10,55,Dr. Kumari,General OPD,Thursday
Th_007,09/10/2025,08:19,08:20,08:23,08:30,08:45,09:07,09:13,09:15,56,Dr. Silva,General OPD,Thursday
Th_008,09/10/2025,08:22,08:23,08:27,08:37,08:47,09:13,09:20,09:22,60,Dr. Perera,General OPD,Thursday
Th_009,09/10/2025,08:24,08:27,08:31,08:43,08:57,09:20,09:28,09:31,67,Dr. Kumari,General OPD,Thursday
Th_010,09/10/2025,08:26,08:31,08:34,08:45,09:00,09:28,09:36,09:38,72,Dr. Silva,General OPD,Thursday
Th_011,09/10/2025,08:28,08:34,08:38,08:47,08:57,09:36,09:44,09:46,78,Dr. Perera,General OPD,Thursday
Th_012,09/10/2025,08:32,08:38,08:41,08:57,09:10,09:44,09:52,09:55,83,Dr. Kumari,General OPD,Thursday
Th_013,09/10/2025,08:35,08:41,08:44,09:00,09:11,09:52,09:57,09:59,84,Dr. Silva,General OPD,Thursday
Th_014,09/10/2025,08:39,08:44,08:47,08:57,09:12,09:57,10:02,10:03,84,Dr. Perera,General OPD,Thursday
Th_015,09/10/2025,08:41,08:47,08:51,09:10,09:20,10:02,10:09,10:10,89,Dr. Kumari,General OPD,Thursday
Th_016,09/10/2025,08:44,08:51,08:54,09:11,09:26,10:09,10:14,10:16,92,Dr. Silva,General OPD,Thursday
Th_017,09/10/2025,08:48,08:54,08:57,09:12,09:26,10:14,10:21,10:22,94,Dr. Perera,General OPD,Thursday
Th_018,09/10/2025,08:52,08:57,09:01,09:20,09:31,10:21,10:28,10:30,98,Dr. Kumari,General OPD,Thursday
Th_019,09/10/2025,08:56,09:01,09:04,09:26,09:37,10:28,10:36,10:39,103,Dr. Silva,General OPD,Thursday
Th_020,09/10/2025,08:58,09:04,09:08,09:26,09:38,10:36,10:42,10:45,107,Dr. Perera,General OPD,Thursday
Th_021,09/10/2025,09:01,09:08,09:12,09:31,09:44,10:42,10:49,10:51,110,Dr. Kumari,General OPD,Thursday
Th_022,09/10/2025,09:05,09:12,09:16,09:37,09:50,10:49,10:55,10:56,111,Dr. Silva,General OPD,Thursday
Th_023,09/10/2025,09:08,09:16,09:19,09:38,09:51,10:55,11:03,11:04,116,Dr. Perera,General OPD,Thursday
Th_024,09/10/2025,09:12,09:19,09:23,09:44,09:59,11:03,11:08,11:09,117,Dr. Kumari,General OPD,Thursday
Th_025,09/10/2025,09:14,09:23,09:27,09:50,10:01,11:08,11:14,11:15,121,Dr. Silva,General OPD,Thursday
Th_026,09/10/2025,09:18,09:27,09:30,09:51,10:02,11:14,11:19,11:22,124,Dr. Perera,General OPD,Thursday
Th_027,09/10/2025,09:20,09:30,09:34,09:59,10:10,11:19,11:27,11:28,128,Dr. Kumari,General OPD,Thursday
Th_028,09/10/2025,09:24,09:34,09:38,10:01,10:13,11:27,11:35,11:38,134,Dr. Silva,General OPD,Thursday
Th_029,09/10/2025,09:27,09:38,09:42,10:02,10:16,11:35,11:42,11:44,137,Dr. Perera,General OPD,Thursday
Th_030,09/10/2025,09:30,09:42,09:46,10:10,10:23,11:42,11:47,11:50,140,Dr. Kumari,General OPD,Thursday
Th_031,09/10/2025,09:34,09:46,09:50,10:13,10:25,11:47,11:52,11:54,140,Dr. Silva,General OPD,Thursday
Th_032,09/10/2025,09:38,09:50,09:53,10:16,10:27,11:52,11:57,12:00,142,Dr. Perera,General OPD,Thursday
Th_033,09/10/2025,09:40,09:46,09:50,10:23,10:38,11:57,12:04,12:05,145,Dr. Kumari,General OPD,Thursday
Th_034,09/10/2025,09:42,09:50,09:53,10:25,10:36,12:04,12:09,12:11,149,Dr. Silva,General OPD,Thursday
Th_035,09/10/2025,09:46,09:53,09:57,10:27,10:41,12:09,12:17,12:20,154,Dr. Perera,General OPD,Thursday
Th_036,09/10/2025,09:48,09:57,10:01,10:38,10:49,12:17,12:25,12:27,159,Dr. Kumari,General OPD,Thursday
Th_037,09/10/2025,09:52,10:01,10:05,10:36,10:49,12:25,12:31,12:33,161,Dr. Silva,General OPD,Thursday
Th_038,09/10/2025,09:56,10:05,10:09,10:41,10:52,12:31,12:39,12:42,166,Dr. Perera,General OPD,Thursday
Th_039,09/10/2025,10:00,10:09,10:13,10:49,11:02,12:39,12:46,12:48,168,Dr. Kumari,General OPD,Thursday
Th_040,09/10/2025,10:02,10:13,10:16,10:49,11:02,12:46,12:52,12:54,172,Dr. Silva,General OPD,Thursday
Th_041,09/10/2025,10:05,10:16,10:20,10:52,11:04,12:52,12:58,13:00,175,Dr. Perera,General OPD,Thursday
Th_042,09/10/2025,10:09,10:20,10:24,11:02,11:14,12:58,13:04,13:06,177,Dr. Kumari,General OPD,Thursday
Th_043,09/10/2025,10:12,10:24,10:27,11:02,11:15,13:04,13:10,13:12,180,Dr. Silva,General OPD,Thursday
Th_044,09/10/2025,10:14,10:25,10:29,11:04,11:18,13:10,13:15,13:18,184,Dr. Perera,General OPD,Thursday
Th_045,09/10/2025,10:17,10:29,10:32,11:14,11:25,13:15,13:20,13:23,186,Dr. Kumari,General OPD,Thursday
Th_046,09/10/2025,10:21,10:32,10:36,11:15,11:29,13:20,13:27,13:28,187,Dr. Silva,General OPD,Thursday
Th_047,09/10/2025,10:25,10:36,10:40,11:18,11:30,13:27,13:32,13:33,188,Dr. Perera,General OPD,Thursday
Th_048,09/10/2025,10:27,10:30,10:34,11:25,11:36,13:32,13:37,13:39,192,Dr. Kumari,General OPD,Thursday
Th_049,09/10/2025,10:31,10:34,10:38,11:29,11:42,13:37,13:45,13:47,196,Dr. Silva,General OPD,Thursday
Th_050,09/10/2025,10:34,10:38,10:42,11:30,11:40,13:45,13:50,13:51,197,Dr. Perera,General OPD,Thursday
Th_051,09/10/2025,10:38,10:42,10:45,11:36,11:49,13:50,13:58,14:00,202,Dr. Kumari,General OPD,Thursday
Th_052,09/10/2025,10:40,10:45,10:49,11:42,11:52,13:58,14:04,14:07,207,Dr. Silva,General OPD,Thursday
Th_053,09/10/2025,10:42,10:49,10:53,11:40,11:51,14:04,14:09,14:10,208,Dr. Perera,General OPD,Thursday
Th_054,09/10/2025,10:45,10:53,10:57,11:49,12:04,14:09,14:15,14:16,211,Dr. Kumari,General OPD,Thursday
Th_055,09/10/2025,10:49,10:57,11:00,11:52,12:03,14:15,14:23,14:24,215,Dr. Silva,General OPD,Thursday
Th_056,09/10/2025,10:51,11:00,11:04,11:51,12:06,14:23,14:28,14:29,218,Dr. Perera,General OPD,Thursday
Fr_001,10/10/2025,08:00,08:00,08:04,08:09,08:20,08:22,08:29,08:30,30,Dr. Silva,General OPD,Friday
Fr_002,10/10/2025,08:04,08:04,08:07,08:14,08:27,08:30,08:35,08:36,32,Dr. Perera,General OPD,Friday
Fr_003,10/10/2025,08:08,08:08,08:11,08:17,08:30,08:35,08:43,08:44,36,Dr. Kumari,General OPD,Friday
Fr_004,10/10/2025,08:11,08:11,08:15,08:23,08:34,08:43,08:49,08:51,40,Dr. Silva,General OPD,Friday
Fr_005,10/10/2025,08:13,08:15,08:19,08:27,08:41,08:49,08:56,08:58,45,Dr. Perera,General OPD,Friday
Fr_006,10/10/2025,08:15,08:19,08:23,08:30,08:40,08:56,09:04,09:05,50,Dr. Kumari,General OPD,Friday
Fr_007,10/10/2025,08:17,08:23,08:26,08:34,08:45,09:04,09:10,09:12,55,Dr. Silva,General OPD,Friday
Fr_008,10/10/2025,08:20,08:26,08:29,08:41,08:56,09:10,09:15,09:16,56,Dr. Perera,General OPD,Friday
Fr_009,10/10/2025,08:24,08:29,08:32,08:40,08:51,09:15,09:22,09:23,59,Dr. Kumari,General OPD,Friday
Fr_010,10/10/2025,08:26,08:32,08:35,08:45,08:56,09:22,09:29,09:31,65,Dr. Silva,General OPD,Friday
Fr_011,10/10/2025,08:28,08:35,08:38,08:56,09:06,09:29,09:36,09:38,70,Dr. Perera,General OPD,Friday
Fr_012,10/10/2025,08:30,08:38,08:42,08:51,09:02,09:36,09:44,09:47,77,Dr. Kumari,General OPD,Friday
Fr_013,10/10/2025,08:33,08:42,08:46,08:56,09:07,09:44,09:49,09:51,78,Dr. Silva,General OPD,Friday
Fr_014,10/10/2025,08:35,08:46,08:50,09:06,09:17,09:49,09:57,09:59,84,Dr. Perera,General OPD,Friday
Fr_015,10/10/2025,08:38,08:50,08:54,09:02,09:17,09:57,10:04,10:05,87,Dr. Kumari,General OPD,Friday
Fr_016,10/10/2025,08:42,08:54,08:57,09:07,09:22,10:04,10:10,10:13,91,Dr. Silva,General OPD,Friday
Fr_017,10/10/2025,08:45,08:57,09:01,09:17,09:31,10:10,10:17,10:20,95,Dr. Perera,General OPD,Friday
Fr_018,10/10/2025,08:47,08:57,09:01,09:17,09:29,10:17,10:25,10:28,101,Dr. Kumari,General OPD,Friday
Fr_019,10/10/2025,08:51,09:01,09:05,09:22,09:35,10:25,10:32,10:35,104,Dr. Silva,General OPD,Friday
Fr_020,10/10/2025,08:55,09:05,09:08,09:31,09:45,10:32,10:40,10:41,106,Dr. Perera,General OPD,Friday
Fr_021,10/10/2025,08:57,09:08,09:12,09:29,09:41,10:40,10:46,10:49,112,Dr. Kumari,General OPD,Friday
Fr_022,10/10/2025,08:59,09:02,09:05,09:35,09:48,10:46,10:53,10:55,116,Dr. Silva,General OPD,Friday
Fr_023,10/10/2025,09:03,09:05,09:08,09:45,10:00,10:53,10:58,10:59,116,Dr. Perera,General OPD,Friday
Fr_024,10/10/2025,09:07,09:08,09:12,09:41,09:52,10:58,11:04,11:05,118,Dr. Kumari,General OPD,Friday
Fr_025,10/10/2025,09:11,09:12,09:15,09:48,10:01,11:04,11:12,11:15,124,Dr. Silva,General OPD,Friday
Fr_026,10/10/2025,09:13,09:15,09:18,10:00,10:12,11:12,11:17,11:20,127,Dr. Perera,General OPD,Friday
Fr_027,10/10/2025,09:17,09:18,09:22,09:52,10:03,11:17,11:22,11:24,127,Dr. Kumari,General OPD,Friday
Fr_028,10/10/2025,09:20,09:22,09:26,10:01,10:16,11:22,11:27,11:29,129,Dr. Silva,General OPD,Friday
Fr_029,10/10/2025,09:23,09:26,09:30,10:12,10:26,11:27,11:32,11:34,131,Dr. Perera,General OPD,Friday
Fr_030,10/10/2025,09:25,09:30,09:33,10:03,10:13,11:32,11:37,11:40,135,Dr. Kumari,General OPD,Friday
Fr_031,10/10/2025,09:27,09:33,09:37,10:16,10:30,11:37,11:44,11:45,138,Dr. Silva,General OPD,Friday
Fr_032,10/10/2025,09:29,09:37,09:40,10:26,10:41,11:44,11:49,11:51,142,Dr. Perera,General OPD,Friday
Fr_033,10/10/2025,09:32,09:40,09:44,10:13,10:24,11:49,11:55,11:56,144,Dr. Kumari,General OPD,Friday
Fr_034,10/10/2025,09:34,09:44,09:48,10:30,10:40,11:55,12:02,12:03,149,Dr. Silva,General OPD,Friday
Fr_035,10/10/2025,09:38,09:48,09:51,10:41,10:54,12:02,12:09,12:12,154,Dr. Perera,General OPD,Friday
Fr_036,10/10/2025,09:41,09:51,09:55,10:24,10:35,12:09,12:14,12:16,155,Dr. Kumari,General OPD,Friday
Fr_037,10/10/2025,09:44,09:55,09:58,10:40,10:55,12:14,12:20,12:22,158,Dr. Silva,General OPD,Friday
Fr_038,10/10/2025,09:47,09:58,10:01,10:54,11:08,12:20,12:26,12:29,162,Dr. Perera,General OPD,Friday
Fr_039,10/10/2025,09:49,10:01,10:05,10:35,10:50,12:26,12:32,12:33,164,Dr. Kumari,General OPD,Friday
Fr_040,10/10/2025,09:52,09:56,10:00,10:55,11:10,12:32,12:37,12:38,166,Dr. Silva,General OPD,Friday
Fr_041,10/10/2025,09:54,10:00,10:04,11:08,11:20,12:37,12:44,12:46,172,Dr. Perera,General OPD,Friday
Fr_042,10/10/2025,09:57,10:04,10:07,10:50,11:02,12:44,12:49,12:51,174,Dr. Kumari,General OPD,Friday
Fr_043,10/10/2025,10:01,10:07,10:11,11:10,11:20,12:49,12:55,12:57,176,Dr. Silva,General OPD,Friday
Fr_044,10/10/2025,10:03,10:11,10:14,11:20,11:35,12:55,13:02,13:03,180,Dr. Perera,General OPD,Friday
Fr_045,10/10/2025,10:06,10:14,10:18,11:02,11:17,13:02,13:08,13:09,183,Dr. Kumari,General OPD,Friday
Fr_046,10/10/2025,10:09,10:18,10:22,11:20,11:34,13:08,13:14,13:17,188,Dr. Silva,General OPD,Friday
Fr_047,10/10/2025,10:13,10:22,10:25,11:35,11:49,13:14,13:20,13:21,188,Dr. Perera,General OPD,Friday
Fr_048,10/10/2025,10:16,10:25,10:29,11:17,11:31,13:20,13:25,13:26,190,Dr. Kumari,General OPD,Friday
Fr_049,10/10/2025,10:19,10:29,10:32,11:34,11:46,13:25,13:32,13:34,195,Dr. Silva,General OPD,Friday
Fr_050,10/10/2025,10:23,10:32,10:35,11:49,12:04,13:32,13:40,13:41,198,Dr. Perera,General OPD,Friday
Fr_051,10/10/2025,10:26,10:35,10:38,11:31,11:44,13:40,13:48,13:49,203,Dr. Kumari,General OPD,Friday
Fr_052,10/10/2025,10:30,10:38,10:42,11:46,12:01,13:48,13:55,13:57,207,Dr. Silva,General OPD,Friday
Fr_053,10/10/2025,10:33,10:42,10:46,12:04,12:14,13:55,14:02,14:04,211,Dr. Perera,General OPD,Friday
Fr_054,10/10/2025,10:35,10:46,10:50,11:44,11:57,14:02,14:10,14:12,217,Dr. Kumari,General OPD,Friday
Fr_055,10/10/2025,10:37,10:40,10:43,12:01,12:11,14:10,14:18,14:21,224,Dr. Silva,General OPD,Friday
Fr_056,10/10/2025,10:41,10:43,10:47,12:14,12:28,14:18,14:24,14:27,226,Dr. Perera,General OPD,Friday
